{
  "priority": 10,
  "request": {
    "method": "GET",
    "urlPattern": "/products"
  },
  "response": {
    "status": 200,
    "headers": {
      "Content-Type": "application/json"
    },
    "jsonBody": [
      {
        "id": "Dwt5F7KAhi",
        "name": "Amazing Pizza!",
        "price": 1099
      },
      {
        "id": "PWWe3w1SDU",
        "name": "Amazing Burger!",
        "price": 999
      },
      {
        "id": "C8GDyLrHJb",
        "name": "Amazing Salad!",
        "price": 499
      },
      {
        "id": "4MB7UfpTQs",
        "name": "Boring Fries!",
        "price": 199
      }
    ]
  }
}
